-- Seed data for development / demo

INSERT INTO doctors (id, name, specialty, bio) VALUES
  ('a0000000-0000-4000-8000-000000000001', 'Айгерим Сулейменова', 'Врач общей практики', 'Опытный семейный врач с 12-летним стажем в первичной медицинской помощи.'),
  ('a0000000-0000-4000-8000-000000000002', 'Нурлан Беков', 'Кардиология', 'Специалист по профилактической кардиологии и здоровью сердца.'),
  ('a0000000-0000-4000-8000-000000000003', 'Мадина Оразова', 'Дерматология', 'Занимается здоровьем кожи, аллергиями и косметической дерматологией.');

INSERT INTO procedures (id, name, duration_minutes, description) VALUES
  ('b0000000-0000-4000-8000-000000000001', 'Первичная консультация', 30, 'Плановый осмотр и оценка состояния здоровья.'),
  ('b0000000-0000-4000-8000-000000000002', 'Повторный приём', 20, 'Короткий повторный приём после предыдущего лечения.'),
  ('b0000000-0000-4000-8000-000000000003', 'ЭКГ-обследование', 45, 'Электрокардиограмма и оценка сердечно-сосудистой системы.'),
  ('b0000000-0000-4000-8000-000000000004', 'Осмотр кожи', 30, 'Полный дерматологический осмотр кожи.');

INSERT INTO doctor_procedures (doctor_id, procedure_id) VALUES
  ('a0000000-0000-4000-8000-000000000001', 'b0000000-0000-4000-8000-000000000001'),
  ('a0000000-0000-4000-8000-000000000001', 'b0000000-0000-4000-8000-000000000002'),
  ('a0000000-0000-4000-8000-000000000002', 'b0000000-0000-4000-8000-000000000001'),
  ('a0000000-0000-4000-8000-000000000002', 'b0000000-0000-4000-8000-000000000003'),
  ('a0000000-0000-4000-8000-000000000003', 'b0000000-0000-4000-8000-000000000001'),
  ('a0000000-0000-4000-8000-000000000003', 'b0000000-0000-4000-8000-000000000004');
